title,category,price_gbp,rating,availability
It's Only the Himalayas,Travel,Â£45.17,2,In stock
Full Moon over Noahâs Ark: An Odyssey to Mount Ararat and Beyond,Travel,Â£49.43,4,In stock
See America: A Celebration of Our National Parks & Treasured Sites,Travel,Â£48.87,3,In stock
Vagabonding: An Uncommon Guide to the Art of Long-Term World Travel,Travel,Â£36.94,2,In stock
Under the Tuscan Sun,Travel,Â£37.33,3,In stock
A Summer In Europe,Travel,Â£44.34,2,In stock
The Great Railway Bazaar,Travel,Â£30.54,1,In stock
A Year in Provence (Provence #1),Travel,Â£56.88,4,In stock
The Road to Little Dribbling: Adventures of an American in Britain (Notes From a Small Island #2),Travel,Â£23.21,1,In stock
Neither Here nor There: Travels in Europe,Travel,Â£38.95,3,In stock
"1,000 Places to See Before You Die",Travel,Â£26.08,5,In stock
Sharp Objects,Mystery,Â£47.82,4,In stock
"In a Dark, Dark Wood",Mystery,Â£19.63,1,In stock
The Past Never Ends,Mystery,Â£56.50,4,In stock
A Murder in Time,Mystery,Â£16.64,1,In stock
The Murder of Roger Ackroyd (Hercule Poirot #4),Mystery,Â£44.10,4,In stock
The Last Mile (Amos Decker #2),Mystery,Â£54.21,2,In stock
That Darkness (Gardiner and Renner #1),Mystery,Â£13.92,1,In stock
Tastes Like Fear (DI Marnie Rome #3),Mystery,Â£10.69,1,In stock
A Time of Torment (Charlie Parker #14),Mystery,Â£48.35,5,In stock
A Study in Scarlet (Sherlock Holmes #1),Mystery,Â£16.73,2,In stock
Poisonous (Max Revere Novels #3),Mystery,Â£26.80,3,In stock
Murder at the 42nd Street Library (Raymond Ambler #1),Mystery,Â£54.36,4,In stock
Most Wanted,Mystery,Â£35.28,3,In stock
Hide Away (Eve Duncan #20),Mystery,Â£11.84,1,In stock
Boar Island (Anna Pigeon #19),Mystery,Â£59.48,3,In stock
The Widow,Mystery,Â£27.26,2,In stock
Playing with Fire,Mystery,Â£13.71,3,In stock
What Happened on Beale Street (Secrets of the South Mysteries #2),Mystery,Â£25.37,5,In stock
The Bachelor Girl's Guide to Murder (Herringford and Watts Mysteries #1),Mystery,Â£52.30,5,In stock
Delivering the Truth (Quaker Midwife Mystery #1),Mystery,Â£20.89,4,In stock
The Mysterious Affair at Styles (Hercule Poirot #1),Mystery,Â£24.80,4,In stock
In the Woods (Dublin Murder Squad #1),Mystery,Â£38.38,2,In stock
The Silkworm (Cormoran Strike #2),Mystery,Â£23.05,5,In stock
The Exiled,Mystery,Â£43.45,3,In stock
The Cuckoo's Calling (Cormoran Strike #1),Mystery,Â£19.21,1,In stock
Extreme Prey (Lucas Davenport #26),Mystery,Â£25.40,3,In stock
Career of Evil (Cormoran Strike #3),Mystery,Â£24.72,2,In stock
The No. 1 Ladies' Detective Agency (No. 1 Ladies' Detective Agency #1),Mystery,Â£57.70,4,In stock
The Girl You Lost,Mystery,Â£12.29,5,In stock
The Girl In The Ice (DCI Erika Foster #1),Mystery,Â£15.85,3,In stock
Blood Defense (Samantha Brinkman #1),Mystery,Â£20.30,3,In stock
1st to Die (Women's Murder Club #1),Mystery,Â£53.98,1,In stock
Tipping the Velvet,Historical Fiction,Â£53.74,1,In stock
Forever and Forever: The Courtship of Henry Longfellow and Fanny Appleton,Historical Fiction,Â£29.69,3,In stock
A Flight of Arrows (The Pathfinders #2),Historical Fiction,Â£55.53,5,In stock
The House by the Lake,Historical Fiction,Â£36.95,1,In stock
Mrs. Houdini,Historical Fiction,Â£30.25,5,In stock
The Marriage of Opposites,Historical Fiction,Â£28.08,4,In stock
Glory over Everything: Beyond The Kitchen House,Historical Fiction,Â£45.84,3,In stock
"Love, Lies and Spies",Historical Fiction,Â£20.55,2,In stock
A Paris Apartment,Historical Fiction,Â£39.01,4,In stock
Lilac Girls,Historical Fiction,Â£17.28,2,In stock
The Constant Princess (The Tudor Court #1),Historical Fiction,Â£16.62,3,In stock
The Invention of Wings,Historical Fiction,Â£37.34,1,In stock
World Without End (The Pillars of the Earth #2),Historical Fiction,Â£32.97,4,In stock
The Passion of Dolssa,Historical Fiction,Â£28.32,5,In stock
Girl With a Pearl Earring,Historical Fiction,Â£26.77,1,In stock
Voyager (Outlander #3),Historical Fiction,Â£21.07,5,In stock
The Red Tent,Historical Fiction,Â£35.66,5,In stock
The Last Painting of Sara de Vos,Historical Fiction,Â£55.55,2,In stock
The Guernsey Literary and Potato Peel Pie Society,Historical Fiction,Â£49.53,1,In stock
Girl in the Blue Coat,Historical Fiction,Â£46.83,2,In stock
Between Shades of Gray,Historical Fiction,Â£20.79,5,In stock
While You Were Mine,Historical Fiction,Â£41.32,5,In stock
The Secret Healer,Historical Fiction,Â£34.56,3,In stock
Starlark,Historical Fiction,Â£25.83,3,In stock
Lost Among the Living,Historical Fiction,Â£27.70,4,In stock
A Spy's Devotion (The Regency Spies of London #1),Historical Fiction,Â£16.97,5,In stock
